Workbook

Sheet Guide
A1: Shed Material Calculator
A3: What this workbook does
A4: 1. Shows the source buy numbers currently captured from each design.
A5: 2. Lets you recalculate timber buy quantities using a waste % and stock length.
A6: 3. Lets you see original vs simplified totals side by side.
A8: Core timber formula
A9: buy lengths = ROUNDUP((calculated linear metres x (1 + waste %)) / stock length, 0)
A11: Core sheet formula
A12: buy sheets = ROUNDUP(calculated sheets + safety extra sheets, 0)
A14: Important precision note
A15: The current design rows are not all equally precise. Some are cut-list style totals, others are design-stage estimates from the candidate writeups.
A17: How to use this for a new design
... A25: Claude Design 3 is lower because it uses a lean upright-plus-ledger frame. The larger OpenAI totals come from fuller freestanding carcass-style framing, separate dock/bench frames, and more secondary members.

Sheet Timber Rows
A1: Timber Rows
A3: Design | B3: Version | C3: Bucket | D3: Section | E3: Calculated linear m | F3: Source stock length m | G3: Source buy lengths | H3: Source buy linear m | I3: Model waste % | J3: Model stock length m | K3: Model buy lengths | L3: Model buy linear m | M3: Notes
A4: chatgpt-design-1 | B4: original | C4: main framing | D4: 38 x 63 mm structural softwood | E4: 72 | F4: 2.4 | G4: 32 | H4: =IF(OR(F4="",G4=""),"",F4*G4) | I4: 0.1 | J4: 2.4 | K4: =IF(OR(E4="",I4="",J4=""),"",ROUNDUP((E4*(1+I4))/J4,0)) | L4: =IF(OR(J4="",K4=""),"",J4*K4) | M4: source design says about 72 m, buy 32 lengths at 2.4 m
A5: chatgpt-design-1 | B5: original | C5: secondary timber | D5: 25 x 50 mm battens | E5: 24 | F5: 2.4 | G5: 10 | H5: =IF(OR(F5="",G5=""),"",F5*G5) | I5: 0.1 | J5: 2.4 | K5: =IF(OR(E5="",I5="",J5=""),"",ROUNDUP((E5*(1+I5))/J5,0)) | L5: =IF(OR(J5="",K5=""),"",J5*K5) | M5: source design says about 24 m, buy 10 lengths at 2.4 m
A6: chatgpt-design-1 | B6: simplified | C6: main framing | D6: 38 x 63 mm CLS | E6: 72 | F6: 3 | G6: 27 | H6: =IF(OR(F6="",G6=""),"",F6*G6) | I6: 0.1 | J6: 3 | K6: =IF(OR(E6="",I6="",J6=""),"",ROUNDUP((E6*(1+I6))/J6,0)) | L6: =IF(OR(J6="",K6=""),"",J6*K6) | M6: simplified common spec
A7: chatgpt-design-1 | B7: simplified | C7: secondary timber | D7: 25 x 38 mm | E7: 24 | F7: 3 | G7: 9 | H7: =IF(OR(F7="",G7=""),"",F7*G7) | I7: 0.1 | J7: 3 | K7: =IF(OR(E7="",I7="",J7=""),"",ROUNDUP((E7*(1+I7))/J7,0)) | L7: =IF(OR(J7="",K7=""),"",J7*K7) | M7: simplified common spec
A8: chatgpt-design-2 | B8: original | C8: main framing | D8: 45 x 70 mm CLS | E8: 57.6 | F8: 2.4 | G8: 24 | H8: =IF(OR(F8="",G8=""),"",F8*G8) | I8: 0.1 | J8: 2.4 | K8: =IF(OR(E8="",I8="",J8=""),"",ROUNDUP((E8*(1+I8))/J8,0)) | L8: =IF(OR(J8="",K8=""),"",J8*K8) | M8: source design gives 24 lengths at 2.4 m
A9: chatgpt-design-2 | B9: original | C9: secondary timber | D9: 38 x 50 mm battens | E9: 36 | F9: 2.4 | G9: 15 | H9: =IF(OR(F9="",G9=""),"",F9*G9) | I9: 0.1 | J9: 2.4 | K9: =IF(OR(E9="",I9="",J9=""),"",ROUNDUP((E9*(1+I9))/J9,0)) | L9: =IF(OR(J9="",K9=""),"",J9*K9) | M9: source design gives 15 lengths at 2.4 m
A10: chatgpt-design-2 | B10: simplified | C10: main framing | D10: 38 x 63 mm CLS | E10: 57.6 | F10: 3 | G10: 22 | H10: =IF(OR(F10="",G10=""),"",F10*G10) | I10: 0.1 | J10: 3 | K10: =IF(OR(E10="",I10="",J10=""),"",ROUNDUP((E10*(1+I10))/J10,0)) | L10: =IF(OR(J10="",K10=""),"",J10*K10) | M10: simplified common spec
A11: chatgpt-design-2 | B11: simplified | C11: secondary timber | D11: 25 x 38 mm | E11: 36 | F11: 3 | G11: 14 | H11: =IF(OR(F11="",G11=""),"",F11*G11) | I11: 0.1 | J11: 3 | K11: =IF(OR(E11="",I11="",J11=""),"",ROUNDUP((E11*(1+I11))/J11,0)) | L11: =IF(OR(J11="",K11=""),"",J11*K11) | M11: simplified common spec
A12: chatgpt-design-3 | B12: original | C12: main framing | D12: 38 x 63 mm structural timber | E12: 95 | F12: 3 | G12: 36 | H12: =IF(OR(F12="",G12=""),"",F12*G12) | I12: 0.1 | J12: 3 | K12: =IF(OR(E12="",I12="",J12=""),"",ROUNDUP((E12*(1+I12))/J12,0)) | L12: =IF(OR(J12="",K12=""),"",J12*K12) | M12: source design says about 95 m, order about 36 lengths
A13: chatgpt-design-3 | B13: original | C13: secondary timber | D13: 38 x 38 mm cleats / lips / rails | E13: 16 | F13: 3 | G13: 6 | H13: =IF(OR(F13="",G13=""),"",F13*G13) | I13: 0.1 | J13: 3 | K13: =IF(OR(E13="",I13="",J13=""),"",ROUNDUP((E13*(1+I13))/J13,0)) | L13: =IF(OR(J13="",K13=""),"",J13*K13) | M13: source design says about 16 m
A14: chatgpt-design-3 | B14: original | C14: secondary timber | D14: 18 x 44 mm stop battens / trims | E14: 8 | F14: 3 | G14: 3 | H14: =IF(OR(F14="",G14=""),"",F14*G14) | I14: 0.1 | J14: 3 | K14: =IF(OR(E14="",I14="",J14=""),"",ROUNDUP((E14*(1+I14))/J14,0)) | L14: =IF(OR(J14="",K14=""),"",J14*K14) | M14: source design says about 8 m
A15: chatgpt-design-3 | B15: simplified | C15: main framing | D15: 38 x 63 mm CLS | E15: 95 | F15: 3 | G15: 35 | H15: =IF(OR(F15="",G15=""),"",F15*G15) | I15: 0.1 | J15: 3 | K15: =IF(OR(E15="",I15="",J15=""),"",ROUNDUP((E15*(1+I15))/J15,0)) | L15: =IF(OR(J15="",K15=""),"",J15*K15) | M15: simplified common spec
... A34: claude-design-3 | B34: simplified | C34: secondary timber | D34: 25 x 38 mm | E34: 25.72 | F34: 3 | G34: 10 | H34: =IF(OR(F34="",G34=""),"",F34*G34) | I34: 0.1 | J34: 3 | K34: =IF(OR(E34="",I34="",J34=""),"",ROUNDUP((E34*(1+I34))/J34,0)) | L34: =IF(OR(J34="",K34=""),"",J34*K34) | M34: simplified common spec

Sheet Sheet Rows
A1: Sheet Goods Rows
A3: Design | B3: Version | C3: Material | D3: Calculated sheets | E3: Safety extra sheets | F3: Source / working buy sheets | G3: Model buy sheets | H3: Notes
A4: chatgpt-design-1 | B4: original | C4: 18 mm plywood / OSB3 | D4: 4 | E4: 0 | F4: =ROUNDUP(D4+E4,0) | G4: =ROUNDUP(D4+E4,0) | H4: source design
A5: chatgpt-design-1 | B5: original | C5: 12 mm plywood / OSB3 | D5: 2 | E5: 0 | F5: =ROUNDUP(D5+E5,0) | G5: =ROUNDUP(D5+E5,0) | H5: source design
A6: chatgpt-design-1 | B6: simplified | C6: 18 mm structural plywood | D6: 6 | E6: 0 | F6: =ROUNDUP(D6+E6,0) | G6: =ROUNDUP(D6+E6,0) | H6: all sheet goods collapsed to 18 mm ply
A7: chatgpt-design-2 | B7: original | C7: 18 mm plywood | D7: 4 | E7: 1 | F7: =ROUNDUP(D7+E7,0) | G7: =ROUNDUP(D7+E7,0) | H7: source design says 4 minimum, 5 safer
A8: chatgpt-design-2 | B8: original | C8: 12 mm plywood or OSB3 | D8: 2 | E8: 0 | F8: =ROUNDUP(D8+E8,0) | G8: =ROUNDUP(D8+E8,0) | H8: source design
A9: chatgpt-design-2 | B9: simplified | C9: 18 mm structural plywood | D9: 6 | E9: 1 | F9: =ROUNDUP(D9+E9,0) | G9: =ROUNDUP(D9+E9,0) | H9: 6 minimum, 7 safer
A10: chatgpt-design-3 | B10: original | C10: 18 mm plywood | D10: 4 | E10: 0 | F10: =ROUNDUP(D10+E10,0) | G10: =ROUNDUP(D10+E10,0) | H10: source design
A11: chatgpt-design-3 | B11: original | C11: 18 mm OSB3 or extra plywood | D11: 2 | E11: 0 | F11: =ROUNDUP(D11+E11,0) | G11: =ROUNDUP(D11+E11,0) | H11: source design
A12: chatgpt-design-3 | B12: original | C12: 12 mm plywood | D12: 1 | E12: 1 | F12: =ROUNDUP(D12+E12,0) | G12: =ROUNDUP(D12+E12,0) | H12: source design says 1 to 2 sheets
A13: chatgpt-design-3 | B13: simplified | C13: 18 mm structural plywood | D13: 7 | E13: 1 | F13: =ROUNDUP(D13+E13,0) | G13: =ROUNDUP(D13+E13,0) | H13: 7 minimum, 8 safer
A14: claude-design-1 | B14: original | C14: 18 mm structural plywood | D14: 8 | E14: 0 | F14: =ROUNDUP(D14+E14,0) | G14: =ROUNDUP(D14+E14,0) | H14: source design
A15: claude-design-1 | B15: original | C15: 12 mm birch plywood | D15: 1 | E15: 0 | F15: =ROUNDUP(D15+E15,0) | G15: =ROUNDUP(D15+E15,0) | H15: source design
... A24: claude-design-3 | B24: simplified | C24: 18 mm structural plywood | D24: 7 | E24: 0 | F24: =ROUNDUP(D24+E24,0) | G24: =ROUNDUP(D24+E24,0) | H24: all sheet goods collapsed to 18 mm ply

Sheet Summary
A1: Design Summary
A3: Design | B3: Version | C3: Source timber buy m | D3: Model timber buy m | E3: Source / working buy sheets | F3: Model buy sheets
A4: chatgpt-design-1 | B4: original | C4: =SUMIFS('Timber Rows'!$H:$H,'Timber Rows'!$A:$A,A4,'Timber Rows'!$B:$B,B4) | D4: =SUMIFS('Timber Rows'!$L:$L,'Timber Rows'!$A:$A,A4,'Timber Rows'!$B:$B,B4) | E4: =SUMIFS('Sheet Rows'!$F:$F,'Sheet Rows'!$A:$A,A4,'Sheet Rows'!$B:$B,B4) | F4: =SUMIFS('Sheet Rows'!$G:$G,'Sheet Rows'!$A:$A,A4,'Sheet Rows'!$B:$B,B4)
A5: chatgpt-design-1 | B5: simplified | C5: =SUMIFS('Timber Rows'!$H:$H,'Timber Rows'!$A:$A,A5,'Timber Rows'!$B:$B,B5) | D5: =SUMIFS('Timber Rows'!$L:$L,'Timber Rows'!$A:$A,A5,'Timber Rows'!$B:$B,B5) | E5: =SUMIFS('Sheet Rows'!$F:$F,'Sheet Rows'!$A:$A,A5,'Sheet Rows'!$B:$B,B5) | F5: =SUMIFS('Sheet Rows'!$G:$G,'Sheet Rows'!$A:$A,A5,'Sheet Rows'!$B:$B,B5)
A6: chatgpt-design-2 | B6: original | C6: =SUMIFS('Timber Rows'!$H:$H,'Timber Rows'!$A:$A,A6,'Timber Rows'!$B:$B,B6) | D6: =SUMIFS('Timber Rows'!$L:$L,'Timber Rows'!$A:$A,A6,'Timber Rows'!$B:$B,B6) | E6: =SUMIFS('Sheet Rows'!$F:$F,'Sheet Rows'!$A:$A,A6,'Sheet Rows'!$B:$B,B6) | F6: =SUMIFS('Sheet Rows'!$G:$G,'Sheet Rows'!$A:$A,A6,'Sheet Rows'!$B:$B,B6)
A7: chatgpt-design-2 | B7: simplified | C7: =SUMIFS('Timber Rows'!$H:$H,'Timber Rows'!$A:$A,A7,'Timber Rows'!$B:$B,B7) | D7: =SUMIFS('Timber Rows'!$L:$L,'Timber Rows'!$A:$A,A7,'Timber Rows'!$B:$B,B7) | E7: =SUMIFS('Sheet Rows'!$F:$F,'Sheet Rows'!$A:$A,A7,'Sheet Rows'!$B:$B,B7) | F7: =SUMIFS('Sheet Rows'!$G:$G,'Sheet Rows'!$A:$A,A7,'Sheet Rows'!$B:$B,B7)
A8: chatgpt-design-3 | B8: original | C8: =SUMIFS('Timber Rows'!$H:$H,'Timber Rows'!$A:$A,A8,'Timber Rows'!$B:$B,B8) | D8: =SUMIFS('Timber Rows'!$L:$L,'Timber Rows'!$A:$A,A8,'Timber Rows'!$B:$B,B8) | E8: =SUMIFS('Sheet Rows'!$F:$F,'Sheet Rows'!$A:$A,A8,'Sheet Rows'!$B:$B,B8) | F8: =SUMIFS('Sheet Rows'!$G:$G,'Sheet Rows'!$A:$A,A8,'Sheet Rows'!$B:$B,B8)
A9: chatgpt-design-3 | B9: simplified | C9: =SUMIFS('Timber Rows'!$H:$H,'Timber Rows'!$A:$A,A9,'Timber Rows'!$B:$B,B9) | D9: =SUMIFS('Timber Rows'!$L:$L,'Timber Rows'!$A:$A,A9,'Timber Rows'!$B:$B,B9) | E9: =SUMIFS('Sheet Rows'!$F:$F,'Sheet Rows'!$A:$A,A9,'Sheet Rows'!$B:$B,B9) | F9: =SUMIFS('Sheet Rows'!$G:$G,'Sheet Rows'!$A:$A,A9,'Sheet Rows'!$B:$B,B9)
A10: claude-design-1 | B10: original | C10: =SUMIFS('Timber Rows'!$H:$H,'Timber Rows'!$A:$A,A10,'Timber Rows'!$B:$B,B10) | D10: =SUMIFS('Timber Rows'!$L:$L,'Timber Rows'!$A:$A,A10,'Timber Rows'!$B:$B,B10) | E10: =SUMIFS('Sheet Rows'!$F:$F,'Sheet Rows'!$A:$A,A10,'Sheet Rows'!$B:$B,B10) | F10: =SUMIFS('Sheet Rows'!$G:$G,'Sheet Rows'!$A:$A,A10,'Sheet Rows'!$B:$B,B10)
A11: claude-design-1 | B11: simplified | C11: =SUMIFS('Timber Rows'!$H:$H,'Timber Rows'!$A:$A,A11,'Timber Rows'!$B:$B,B11) | D11: =SUMIFS('Timber Rows'!$L:$L,'Timber Rows'!$A:$A,A11,'Timber Rows'!$B:$B,B11) | E11: =SUMIFS('Sheet Rows'!$F:$F,'Sheet Rows'!$A:$A,A11,'Sheet Rows'!$B:$B,B11) | F11: =SUMIFS('Sheet Rows'!$G:$G,'Sheet Rows'!$A:$A,A11,'Sheet Rows'!$B:$B,B11)
A12: claude-design-2 | B12: original | C12: =SUMIFS('Timber Rows'!$H:$H,'Timber Rows'!$A:$A,A12,'Timber Rows'!$B:$B,B12) | D12: =SUMIFS('Timber Rows'!$L:$L,'Timber Rows'!$A:$A,A12,'Timber Rows'!$B:$B,B12) | E12: =SUMIFS('Sheet Rows'!$F:$F,'Sheet Rows'!$A:$A,A12,'Sheet Rows'!$B:$B,B12) | F12: =SUMIFS('Sheet Rows'!$G:$G,'Sheet Rows'!$A:$A,A12,'Sheet Rows'!$B:$B,B12)
A13: claude-design-2 | B13: simplified | C13: =SUMIFS('Timber Rows'!$H:$H,'Timber Rows'!$A:$A,A13,'Timber Rows'!$B:$B,B13) | D13: =SUMIFS('Timber Rows'!$L:$L,'Timber Rows'!$A:$A,A13,'Timber Rows'!$B:$B,B13) | E13: =SUMIFS('Sheet Rows'!$F:$F,'Sheet Rows'!$A:$A,A13,'Sheet Rows'!$B:$B,B13) | F13: =SUMIFS('Sheet Rows'!$G:$G,'Sheet Rows'!$A:$A,A13,'Sheet Rows'!$B:$B,B13)
A14: claude-design-3 | B14: original | C14: =SUMIFS('Timber Rows'!$H:$H,'Timber Rows'!$A:$A,A14,'Timber Rows'!$B:$B,B14) | D14: =SUMIFS('Timber Rows'!$L:$L,'Timber Rows'!$A:$A,A14,'Timber Rows'!$B:$B,B14) | E14: =SUMIFS('Sheet Rows'!$F:$F,'Sheet Rows'!$A:$A,A14,'Sheet Rows'!$B:$B,B14) | F14: =SUMIFS('Sheet Rows'!$G:$G,'Sheet Rows'!$A:$A,A14,'Sheet Rows'!$B:$B,B14)
A15: claude-design-3 | B15: simplified | C15: =SUMIFS('Timber Rows'!$H:$H,'Timber Rows'!$A:$A,A15,'Timber Rows'!$B:$B,B15) | D15: =SUMIFS('Timber Rows'!$L:$L,'Timber Rows'!$A:$A,A15,'Timber Rows'!$B:$B,B15) | E15: =SUMIFS('Sheet Rows'!$F:$F,'Sheet Rows'!$A:$A,A15,'Sheet Rows'!$B:$B,B15) | F15: =SUMIFS('Sheet Rows'!$G:$G,'Sheet Rows'!$A:$A,A15,'Sheet Rows'!$B:$B,B15)
